station_id,station_name,capacity,lng,lat,MEAN_WEEKLY_TRIPS,NORMALISED_CAPACITY,DEMAND_SCORE,DEMAND_CATEGORY
5772.05,Morton St & Greenwich St,56,-74.00887,40.73115,0,0.44166666666666665,0.0,Lowest
6560.15,Broadway & W 38 St,68,-73.98734897375107,40.7529728216068,511,0.5416666666666666,234.71933333333334,Low
7727.07,Amsterdam Ave & W 119 St,29,-73.9596214,40.8086249,0,0.21666666666666667,0.0,Lowest
6569.08,W 35 St & Dyer Ave,41,-73.99740189313889,40.754691750226016,206,0.31666666666666665,140.97266666666667,Low
7023.04,W 59 St & 10 Ave,117,-73.988038,40.770513,341,0.95,17.391000000000016,Lowest
6608.09,E 54 St & 1 Ave,41,-73.964179,40.756265,311,0.31666666666666665,212.82766666666666,Low
5303.08,Canal St & Rutgers St,45,-73.98990025,40.71427487,654,0.35,425.754,Highest
5445.07,Stanton St & Norfolk St,49,-73.986274,40.720747,408,0.38333333333333336,252.008,Medium
6920.05,W 54 St & 9 Ave,44,-73.98737,40.76604,0,0.3416666666666667,0.0,Lowest
7522.02,1 Ave & E 110 St,25,-73.9383,40.7923272,152,0.18333333333333332,124.28533333333333,Low
7288.04,Riverside Dr & W 72 St,41,-73.98562431335449,40.78057799010334,379,0.31666666666666665,259.36233333333337,Medium
8511.08,Broadway & W 192 St,23,-73.932173,40.857994,33,0.16666666666666666,27.533,Lowest
6659.01,E 51 St & Lexington Ave,75,-73.97207836,40.75714758,271,0.6,108.671,Low
7116.04,W 67 St & Broadway,31,-73.98266566,40.77492513,502,0.23333333333333334,385.3686666666666,Medium
7146.04,E 85 St & York Ave,47,-73.94803392,40.77536905,254,0.36666666666666664,161.12066666666666,Low
7524.09,West End Ave & W 94 St,31,-73.974124,40.7941654,189,0.23333333333333334,145.089,Low
5989.02,W 15 St & 6 Ave,75,-73.99642959237099,40.738046142482766,759,0.6,304.35900000000004,Medium
8547.04,Broadway & Ellwood St,19,-73.929719,40.862058,15,0.13333333333333333,13.015,Lowest
7579.01,Pleasant Ave & E 120 St,21,-73.9311847,40.7974772,46,0.15,39.146,Lowest
6860.12,E 65 St & 2 Ave,48,-73.96222069859505,40.76471851944339,214,0.375,133.964,Low
6089.07,Lexington Ave & E 24 St,79,-73.98409214,40.74025878,601,0.6333333333333333,220.96766666666667,Low
5545.04,E 5 St & Ave C,55,-73.97995466,40.72299208,377,0.43333333333333335,214.01033333333334,Low
5190.09,Clinton St & Cherry St,33,-73.98672603070736,40.711471394469264,331,0.25,248.581,Medium
6700.01,W 52 St & 5 Ave,61,-73.97648516,40.75992262,279,0.48333333333333334,144.42899999999997,Low
8262.07,W 171 St & St Nicholas Ave,31,-73.938631,40.842941,29,0.23333333333333334,22.26233333333333,Lowest
7571.01,Sunken Meadow Comfort Station,25,-73.91906,40.79558,48,0.18333333333333332,39.248,Lowest
7898.03,St Nicholas Ave & W 137 St,21,-73.947568,40.818477,67,0.15,57.016999999999996,Lowest
7741.04,Morningside Dr & Amsterdam Ave,35,-73.95736455917358,40.81028506306003,78,0.26666666666666666,57.278000000000006,Lowest
6140.05,W 21 St & 6 Ave,74,-73.99415556,40.74173969,1571,0.5916666666666667,643.0626666666667,Highest
7723.01,St Nicholas Ave & Manhattan Ave,31,-73.953149,40.809725,257,0.23333333333333334,197.2903333333333,Low
7619.05,W 107 St & Columbus Ave,23,-73.9621128676,40.7997568,170,0.16666666666666666,141.83666666666667,Low
8474.02,W 190 St & Broadway,21,-73.93296986818314,40.85648733523576,22,0.15,18.722,Lowest
8210.01,W 163 St & Riverside Dr,19,-73.945446,40.839278,13,0.13333333333333333,11.279666666666667,Lowest
5712.12,E 5 St & Cooper Sq,50,-73.990993,40.72769,460,0.39166666666666666,280.29333333333335,Medium
6960.12,3 Ave & E 71 St,47,-73.9614,40.76879,64,0.36666666666666664,40.59733333333333,Lowest
6398.08,E 35 St & Madison Ave,50,-73.98255586624146,40.74848023448579,374,0.39166666666666666,227.89066666666668,Low
6526.01,W 35 St & 8 Ave,57,-73.99280458705107,40.752762088742045,436,0.45,240.23600000000002,Medium
7682.01,Park Ave & E 124 St,36,-73.9396861,40.8045555,363,0.275,263.538,Medium
8665.09,Isham St & Broadway,29,-73.919685,40.86788,19,0.21666666666666667,14.902333333333333,Lowest
6732.01,E 56 St & Madison Ave,33,-73.972628,40.761573,250,0.25,187.75,Low
5114.06,West Thames St,73,-74.01713445,40.70834698,374,0.5833333333333334,156.2073333333333,Low
7323.09,5 Ave & E 87 St,38,-73.95987510681152,40.78232260730881,565,0.2916666666666667,400.7733333333333,Medium
4953.04,South St & Gouverneur Ln,43,-74.00670227,40.70355377,405,0.3333333333333333,270.40500000000003,Medium
7443.01,Madison Ave & E 99 St,35,-73.95242929458618,40.78948541553215,91,0.26666666666666666,66.82433333333334,Lowest
5288.09,Warren St & W Broadway,51,-74.00910627,40.71473993,293,0.4,176.093,Low
7976.08,Edgecombe Ave & W 145 St,31,-73.94386,40.823498,79,0.23333333333333334,60.64566666666666,Lowest
7293.1,E 88 St & Park Ave,38,-73.95595908164978,40.781410700190015,235,0.2916666666666667,166.69333333333333,Low
8647.1,W 211 St & 10 Ave,20,-73.9172950387001,40.86709406268147,3,0.14166666666666666,2.5780000000000003,Lowest
8458.03,Pinehurst Ave & W 187 St,20,-73.937878,40.855331,31,0.14166666666666666,26.639333333333337,Lowest
6239.08,E 31 St & 3 Ave,65,-73.97966069,40.74394314,513,0.5166666666666667,248.46299999999997,Medium
5805.05,Barrow St & Hudson St,45,-74.00674436,40.73172428,541,0.35,352.19100000000003,Medium
7942.07,Broadway & W 138 St,27,-73.95353,40.82182,69,0.2,55.269000000000005,Lowest
8123.06,Broadway & W 157 St,31,-73.94510813442648,40.83402740143528,33,0.23333333333333334,25.333,Lowest
7340.06,Riverside Dr & W 78 St,79,-73.98362492,40.78414472,203,0.6333333333333333,74.63633333333334,Lowest
6986.07,Columbus Ave & W 59 St,44,-73.98464,40.76931,0,0.3416666666666667,0.0,Lowest
5382.06,Grand St & Elizabeth St,45,-73.99596,40.718822,735,0.35,478.485,Highest
7057.07,E 78 St & 2 Ave,25,-73.95577801,40.7727966,244,0.18333333333333332,199.51066666666665,Low
7735.05,5 Ave & W 131 St,20,-73.93973,40.81014,89,0.14166666666666666,76.48066666666668,Lowest
8583.02,Sherman Ave & Thayer St,21,-73.926994,40.863124,12,0.15,10.212,Lowest
5181.04,Cherry St,36,-73.97948148,40.71219906,195,0.275,141.57,Low
5406.02,Rivington St & Ridge St,61,-73.98329859,40.71850211,401,0.48333333333333334,207.58433333333332,Low
6322.01,E 33 St & 5 Ave,60,-73.98490707,40.74765947,468,0.475,246.168,Medium
5167.06,St James Pl & Pearl St,27,-74.00016545,40.71117416,146,0.2,116.94600000000001,Low
6617.02,E 53 St & 3 Ave,41,-73.96930575370789,40.75763227739443,314,0.31666666666666665,214.88066666666668,Low
7910.1,Lenox Ave & W 146 St,24,-73.935971,40.821111,20,0.175,16.52,Lowest
5914.08,Greenwich Ave & Charles St,57,-74.000271,40.735238,476,0.45,262.276,Medium
5997.1,W 12 St & Hudson St,45,-74.00558933615685,40.73752993301071,502,0.35,326.802,Medium
7502.01,W 92 St & Broadway,24,-73.9739,40.7921,216,0.175,178.416,Low
7809.13,E 138 St & 5 Ave,22,-73.936153,40.81449,43,0.15833333333333333,36.23466666666667,Lowest
5033.01,Broadway & Morris St,69,-74.01321887969969,40.705945132708806,251,0.55,113.201,Low
7662.13,Lexington Ave & E 127 St,33,-73.936322,40.805726,49,0.25,36.799,Lowest
6535.04,W 34 St & Hudson Blvd E,57,-74.00059908628464,40.75516719072139,626,0.45,344.92600000000004,Medium
5584.05,E 7 St & Ave B,69,-73.98131668567657,40.7251285241158,595,0.55,268.34499999999997,Medium
7388.1,Riverside Dr & W 82 St,75,-73.98128127,40.78720869,277,0.6,111.07700000000001,Low
7580.01,W 100 St & Broadway,39,-73.97041192,40.7973721,305,0.3,213.80499999999998,Low
8033.09,W 148 St & Amsterdam Ave,23,-73.945909,40.827075,37,0.16666666666666666,30.870333333333335,Lowest
7230.1,W 74 St & Columbus Ave,27,-73.97754961,40.7785669,217,0.2,173.817,Low
7141.07,Central Park West & W 72 St,51,-73.9762057363987,40.77579376683666,642,0.4,385.842,Medium
6779.05,Broadway & W 53 St,85,-73.98268129,40.76344058,607,0.6833333333333333,192.82366666666667,Low
6667.04,W 47 St & 6 Ave,62,-73.98255,40.758397,286,0.49166666666666664,145.66933333333333,Low
8049.1,Convent Ave & W 151 St,24,-73.942924,40.82831,22,0.175,18.172,Lowest
6382.05,W 26 St & 10 Ave,51,-74.002950346,40.749717753,531,0.4,319.131,Medium
5755.15,Washington Pl & Greene St,46,-73.99546380915461,40.72980619180496,0,0.35833333333333334,0.0,Lowest
7180.02,E 84 St & 1 Ave,31,-73.95068615,40.77565541,278,0.23333333333333334,213.41133333333332,Low
5553.03,E 3 St & 1 Ave,59,-73.98783413,40.72467721,442,0.4666666666666667,236.17533333333333,Low
5788.15,4 Ave & E 12 St,39,-73.99011,40.732647,862,0.3,604.262,Highest
6464.08,E 45 St & 3 Ave,40,-73.97282625,40.75255434,248,0.30833333333333335,171.78133333333332,Low
8191.01,Broadway & W 165 St,24,-73.941409,40.839137,24,0.175,19.823999999999998,Lowest
5863.07,E 15 St & 3 Ave,78,-73.986923,40.734232,660,0.625,248.16,Medium
6611.02,W 37 St & 10 Ave,39,-73.9979009,40.75660359,519,0.3,363.81899999999996,Medium
6215.04,W 25 St & 6 Ave,51,-73.99144871,40.74395411,512,0.4,307.712,Medium
7443.17,E 98 St & Park Ave,25,-73.95206,40.78813,102,0.18333333333333332,83.402,Lowest
8528.05,Nagle Ave & Ellwood St,21,-73.928489,40.86012,23,0.15,19.573,Lowest
7738.04,Adam Clayton Powell Blvd & W 126 St,33,-73.94776493310928,40.80949534777948,0,0.25,0.0,Lowest
6432.11,E 40 St & Park Ave,123,-73.978326,40.750756,0,1.0,0.0,Lowest
4962.08,Broad St & Bridge St,49,-74.01167797,40.70365182,151,0.38333333333333336,93.26766666666667,Lowest
7365.13,E 95 St & 3 Ave,31,-73.950503,40.7849032,122,0.23333333333333334,93.65533333333333,Lowest
6830.04,3 Ave & E 62 St,51,-73.96527,40.76313,0,0.4,0.0,Lowest
6297.08,W 25 St & 8 Ave,66,-73.99732626293645,40.74649996333341,339,0.525,161.364,Low
8176.01,W 160 St & Riverside Dr,27,-73.9466,40.83719,0,0.2,0.0,Lowest
5797.01,MacDougal St & Washington Sq,33,-73.99852205,40.73226398,376,0.25,282.376,Medium
7925.04,W 133 St & 12 Ave,19,-73.959089,40.820003,64,0.13333333333333333,55.53066666666667,Lowest
8655.02,Dyckman St & Staff St,19,-73.931537,40.868846,46,0.13333333333333333,39.91266666666667,Lowest
8278.05,Amsterdam Ave & W 175 St,23,-73.933651,40.844044,13,0.16666666666666666,10.846333333333334,Lowest
8353.02,Amsterdam Ave & W 180 St,23,-73.931205,40.847396,7,0.16666666666666666,5.840333333333334,Lowest
7504.18,E 106 St & Lexington Ave,27,-73.945993,40.791976,110,0.2,88.11,Lowest
8496.01,Fort Washington Ave & W 190 St,19,-73.935662,40.856906,16,0.13333333333333333,13.882666666666667,Lowest
6230.02,1 Ave & E 38 St,39,-73.971822,40.746202,0,0.3,0.0,Lowest
5430.1,6 Ave & Walker St,39,-74.0052238852195,40.7197920901383,300,0.3,210.29999999999998,Low
5584.04,E 6 St & Ave B,95,-73.98185424,40.72453734,457,0.7666666666666667,107.0903333333333,Low
5216.06,Vesey St & Church St,78,-74.01047229766846,40.71221958009051,725,0.625,272.6,Medium
7458.09,W 90 St & Amsterdam Ave,34,-73.97289,40.79018,0,0.25833333333333336,0.0,Lowest
7735.23,E 128 St & Madison Ave,23,-73.939182,40.80756,43,0.16666666666666666,35.876333333333335,Lowest
7860.08,Convent Ave & W 135 St,30,-73.950988,40.818215,46,0.225,35.696,Lowest
6492.08,9 Ave & W 33 St,94,-73.996765,40.752568,0,0.7583333333333333,0.0,Lowest
6747.07,8 Ave & W 49 St,65,-73.98655101656914,40.76171227910671,891,0.5166666666666667,431.54099999999994,Highest
6708.04,Broadway & W 48 St,103,-73.98486793041229,40.76017739537783,538,0.8333333333333334,90.20466666666665,Lowest
6233.04,Pier 61 at Chelsea Piers,43,-74.00821,40.746872,0,0.3333333333333333,0.0,Lowest
7667.04,Madison Ave & E 120 St,30,-73.942954,40.80295,113,0.225,87.688,Lowest
5303.06,Clinton St & Grand St,69,-73.9870295,40.71559509,859,0.55,387.40899999999993,Medium
5575.08,Ave D & E 12 St,41,-73.97422494,40.72580614,86,0.31666666666666665,58.85266666666667,Lowest
5626.07,E 7 St & Ave A,45,-73.98379855,40.72621788,744,0.35,484.344,Highest
7286.02,E 93 St & 2 Ave,73,-73.9489196240902,40.782454175279874,186,0.5833333333333334,77.68599999999999,Lowest
8104.1,Amsterdam Ave & W 156 St,27,-73.942386,40.832081,26,0.2,20.826,Lowest
5569.07,W Broadway & Watts St,51,-74.00314,40.72323,213,0.4,128.013,Low
5880.02,W 4 St & 7 Ave S,60,-74.00293877,40.73401143,651,0.475,342.426,Medium
5400.05,Harrison St & Hudson St,39,-74.0090009,40.71870987,201,0.3,140.90099999999998,Low
5351.07,Walker St & Baxter St,47,-73.999573,40.717411,385,0.36666666666666664,244.21833333333333,Medium
8559.04,9 Ave & W 204 St,24,-73.91855701804161,40.86169883507865,3,0.175,2.4779999999999998,Lowest
8320.01,Fort Washington Ave & W 173 St,24,-73.940493,40.84522,35,0.175,28.91,Lowest
4920.13,South St & Broad St,31,-74.01089876890182,40.70188858913366,27,0.23333333333333334,20.726999999999997,Lowest
6896.16,E 68 St & 3 Ave,36,-73.96224617958069,40.76712840349542,254,0.275,184.404,Low
6055.08,E 20 St & Park Ave,45,-73.98751968,40.73827428,465,0.35,302.71500000000003,Medium
6131.1,E 24 St & Park Ave S,79,-73.98602213,40.74096374,0,0.6333333333333333,0.0,Lowest
7823.03,Broadway & Moylan Pl,41,-73.9590255,40.8143256,101,0.31666666666666665,69.11766666666666,Lowest
5359.12,Duane St & Hudson St,44,-74.00925,40.71703,213,0.3416666666666667,140.438,Low
8394.15,Amsterdam Ave & W 186 St,21,-73.928808,40.851113,12,0.15,10.212,Lowest
7175.05,Columbus Ave & W 72 St,67,-73.97898475,40.7770575,577,0.5333333333333333,269.84366666666665,Medium
8054.04,Riverside Dr & W 148 St,22,-73.950426,40.829114,36,0.15833333333333333,30.336,Lowest
7504.19,3 Ave & E 109 St,25,-73.94329,40.79338,71,0.18333333333333332,58.05433333333333,Lowest
6560.01,Broadway & W 41 St,55,-73.98658032,40.75513557,652,0.43333333333333335,370.1186666666667,Medium
7528.31,E 106 St & Madison Ave,25,-73.94945003,40.7934337,113,0.18333333333333332,92.39633333333333,Lowest
5453.01,Rivington St & Chrystie St,64,-73.9919254,40.72110063,376,0.5083333333333333,185.24266666666668,Low
5736.09,E 14 St & Ave B,43,-73.97772429,40.72938685,462,0.3333333333333333,308.46200000000005,Medium
5326.06,Stanton St & Mangin St,19,-73.97628939,40.71782143,148,0.13333333333333333,128.41466666666668,Low
6682.03,E 58 St & 1 Ave (NE Corner),29,-73.96226227283478,40.75892386377695,210,0.21666666666666667,164.71,Low
8172.07,Amsterdam Ave & W 162 St,27,-73.939789,40.83618,27,0.2,21.627000000000002,Lowest
5980.11,Broadway & E 19 St,99,-73.99006,40.73829,0,0.8,0.0,Lowest
7327.01,Wards Meadow Comfort Station,18,-73.93077,40.78294,84,0.125,73.584,Lowest
6854.05,W 50 St & 9 Ave,30,-73.98917958140373,40.76360467795863,0,0.225,0.0,Lowest
6626.01,E 48 St & 5 Ave,62,-73.97805914282799,40.75724567911726,388,0.49166666666666664,197.62133333333333,Low
6072.16,Gansevoort St & Hudson St,120,-74.00520807425661,40.73937600789778,388,0.975,10.088000000000008,Lowest
5755.14,University Pl & E 8 St,79,-73.99490341544151,40.73143724085228,655,0.6333333333333333,240.8216666666667,Medium
7079.06,Central Park West & W 68 St,43,-73.97782542,40.7734066,704,0.3333333333333333,470.0373333333334,Highest
6884.03,W 56 St & 8 Ave,50,-73.98313522338867,40.765959181657976,489,0.39166666666666666,297.96400000000006,Medium
8299.03,Wadsworth Ave & W 175 St,24,-73.937648,40.846052,25,0.175,20.65,Lowest
7596.11,1 Ave & E 118 St,24,-73.934499,40.797459,0,0.175,0.0,Lowest
7648.16,2 Ave & E 125 St,30,-73.933509,40.802554,64,0.225,49.664,Lowest
8353.09,Amsterdam Ave & W 183 St,21,-73.93022,40.84925,12,0.15,10.212,Lowest
7265.1,E 89 St & 3 Ave,39,-73.9521667,40.7806284,227,0.3,159.12699999999998,Low
8650.11,Seaman Ave & Beak St,21,-73.926363,40.867505,17,0.15,14.466999999999999,Lowest
7338.02,2 Ave & E 96 St,45,-73.9471673,40.7839636,284,0.35,184.88400000000001,Low
7910.01,Lenox Ave & W 144 St,22,-73.936521,40.819783,31,0.15833333333333333,26.122666666666667,Lowest
6190.03,W 18 St & 9 Ave,39,-74.00367558002472,40.7435337324616,129,0.3,90.42899999999999,Lowest
5065.12,William St & Pine St,57,-74.00887308,40.70717936,242,0.45,133.342,Low
7059.01,11 Ave & W 59 St,24,-73.99046033620834,40.77149671054441,448,0.175,370.048,Medium
8358.03,W 180 St & Ft Washington Ave,15,-73.938423,40.849972,37,0.1,33.337,Lowest
7599.09,E 115 St & Lexington Ave,25,-73.9423,40.797911,89,0.18333333333333332,72.77233333333334,Lowest
5569.06,W Broadway & Spring St,66,-74.00165855884552,40.72494672359416,316,0.525,150.416,Low
7204.08,E 89 St & York Ave,35,-73.946041,40.7779453,269,0.26666666666666666,197.53566666666669,Low
8543.01,10 Ave & W 202 St,23,-73.921417593956,40.861281970750994,8,0.16666666666666666,6.674666666666667,Lowest
7915.11,Edgecombe Ave & W 141 St,21,-73.945144,40.820681,75,0.15,63.824999999999996,Lowest
6022.04,E 16 St & 5 Ave,65,-73.99238967,40.73726186,694,0.5166666666666667,336.1273333333333,Medium
5128.04,Catherine St & Monroe St,35,-73.99682619,40.71117444,257,0.26666666666666666,188.72366666666667,Low
7623.13,Riverside Dr & W 104 St,58,-73.9711457439,40.8013434,229,0.4583333333333333,124.27066666666668,Low
5359.11,Leonard St & Church St,54,-74.005549,40.717571,273,0.425,157.248,Low
5190.07,Madison St & Clinton St,39,-73.98776323,40.71269042,180,0.3,126.17999999999999,Low
5414.06,Allen St & Rivington St,42,-73.98997825,40.72019576,509,0.325,344.084,Medium
7920.05,Amsterdam Ave & W 136 St,21,-73.951819,40.819746,33,0.15,28.083,Lowest
7028.04,3 Ave & E 72 St,35,-73.96060712,40.7699426,167,0.26666666666666666,122.63366666666667,Low
7652.04,Lexington Ave & E 120 St,29,-73.9398167,40.8013066,74,0.21666666666666667,58.04066666666667,Lowest
7625.18,E 118 St & Park Ave,27,-73.9419949,40.8005385,53,0.2,42.453,Lowest
5779.1,E 14 St & 1 Ave,34,-73.98286700248718,40.73139303364151,609,0.25833333333333336,452.284,Highest
6306.01,W 20 St & 10 Ave,49,-74.005141,40.745686,931,0.38333333333333336,575.0476666666667,Highest
7253.04,Central Park West & W 76 St,39,-73.97374737,40.77896784,416,0.3,291.616,Medium
7643.18,Adam Clayton Powell Blvd & W 115 St,22,-73.9532423,40.802535,108,0.15833333333333333,91.008,Lowest
6795.01,W 46 St & 11 Ave,25,-73.99667444,40.76341379,441,0.18333333333333332,360.591,Medium
6876.04,Central Park S & 6 Ave,73,-73.97634151,40.76590936,882,0.5833333333333334,368.38199999999995,Medium
7636.05,E 123 St & Lexington Ave,27,-73.9379,40.8029263,57,0.2,45.657000000000004,Lowest
7959.18,Hamilton Pl & W 140 St,21,-73.951346,40.822756,32,0.15,27.232,Lowest
6602.03,W 41 St & 8 Ave,105,-73.9900262,40.75640548,941,0.85,142.091,Low
7893.05,Adam Clayton Powell Blvd & W 141 St,24,-73.941057,40.819241,49,0.175,40.474,Lowest
5905.14,University Pl & E 14 St,61,-73.992085,40.734814,1019,0.48333333333333334,527.5023333333332,Highest
6723.1,E 58 St & 1 Ave (NW Corner),50,-73.962658,40.759125,243,0.39166666666666666,148.068,Low
7680.03,Cathedral Pkwy & Broadway,25,-73.96699104,40.804213,293,0.18333333333333332,239.57633333333334,Low
8469.05,Audubon Ave & W 192 St,21,-73.92708241939545,40.85589030603889,4,0.15,3.404,Lowest
7937.15,St Nicholas Terrace & Convent Ave,24,-73.947868,40.821294,30,0.175,24.779999999999998,Lowest
5430.08,Franklin St & W Broadway,33,-74.00666661,40.71911552,215,0.25,161.465,Low
5506.1,Ave D & E 8 St,30,-73.97574813,40.72368361,205,0.225,159.08,Low
6115.06,Hudson St & W 13 St,42,-74.0052741765976,40.74005708567285,531,0.325,358.956,Medium
7855.03,Adam Clayton Powell Blvd & W 138 St,23,-73.9422959089279,40.81695971032464,105,0.16666666666666666,87.605,Lowest
7344.01,E 94 St & Madison Ave,43,-73.95482444378061,40.78585105291389,145,0.3333333333333333,96.81166666666668,Lowest
8416.07,Broadway & W 185 St,21,-73.93441,40.852538,25,0.15,21.275,Lowest
8665.02,Seaman Ave & Isham St,23,-73.92076313495636,40.86989866194045,0,0.16666666666666666,0.0,Lowest
5847.06,W 10 St & Washington St,68,-74.00851495563984,40.73342399437081,406,0.5416666666666666,186.48933333333335,Low
6072.06,Greenwich Ave & 8 Ave,75,-74.0026376103,40.7390169121,887,0.6,355.687,Medium
6551.02,W 44 St & 5 Ave,68,-73.98014437,40.75500254,351,0.5416666666666666,161.226,Low
6173.08,Broadway & W 25 St,109,-73.98918628692627,40.74286877312112,967,0.8833333333333333,113.78366666666669,Low
8336.02,Wadsworth Ave & W 179 St,35,-73.936064,40.848467,43,0.26666666666666666,31.576333333333334,Lowest
4962.01,Broadway & Battery Pl,52,-74.01361706,40.70463334,241,0.4083333333333333,142.83266666666668,Low
7611.02,E 118 St & 3 Ave,31,-73.9389152,40.799139,106,0.23333333333333334,81.37266666666666,Lowest
7212.05,E 85 St & 3 Ave,39,-73.95407149,40.77801203,518,0.3,363.118,Medium
6131.13,E 27 St & Park Ave S,69,-73.9847157150507,40.74275179648995,469,0.55,211.51899999999998,Low
5626.15,1 Ave & E 6 St,94,-73.98616880178452,40.72633085971696,666,0.7583333333333333,161.616,Low
7713.11,W 116 St & Broadway,43,-73.9641,40.8082,284,0.3333333333333333,189.61733333333336,Low
7382.04,W 84 St & Columbus Ave,35,-73.97283406,40.78499979,308,0.26666666666666666,226.1746666666667,Low
5636.13,E 1 St & Bowery,44,-73.99213135242462,40.72486122254819,416,0.3416666666666667,274.28266666666667,Medium
6847.05,7 Ave & W 55 St,67,-73.980973,40.764126,366,0.5333333333333333,171.166,Low
5669.1,St Marks Pl & 2 Ave,73,-73.98713956,40.7284186,539,0.5833333333333334,225.1223333333333,Low
6932.15,E 68 St & Madison Ave,58,-73.96703464,40.7691572,195,0.4583333333333333,105.82000000000002,Low
7753.13,Lenox Ave & W 130 St,25,-73.9430681,40.8107922,109,0.18333333333333332,89.12566666666666,Lowest
6339.06,W 25 St & 9 Ave,68,-74.0005722643582,40.74783260583772,0,0.5416666666666666,0.0,Lowest
8226.06,Broadway & W 168 St,31,-73.93972098827362,40.84089603193041,69,0.23333333333333334,52.968999999999994,Lowest
6004.06,E 27 St & 1 Ave,87,-73.976806,40.739445,565,0.7,170.06500000000003,Low
5359.1,Hudson St & Reade St,55,-74.0091059,40.71625008,329,0.43333333333333335,186.76233333333332,Low
5532.01,Mercer St & Spring St,67,-73.99949601,40.72362738,331,0.5333333333333333,154.79766666666666,Low
7618.01,Bronx Shore Comfort Station,25,-73.92404,40.80046,27,0.18333333333333332,22.076999999999998,Lowest
6617.09,E 53 St & Lexington Ave,57,-73.97069431,40.75828065,405,0.45,223.15500000000003,Low
6816.07,8 Ave & W 52 St,31,-73.9851615,40.76370739,508,0.23333333333333334,389.9746666666666,Medium
5838.09,Washington Pl & 6 Ave,76,-74.00026394,40.73224119,558,0.6083333333333333,219.10800000000003,Low
6644.08,9 Ave & W 39 St,36,-73.99410143494606,40.756403523272496,598,0.275,434.14799999999997,Highest
5270.09,Market St & Henry St,42,-73.99446353316307,40.71310702305908,424,0.325,286.624,Medium
6676.02,W 45 St & 8 Ave,65,-73.98859651,40.75929124,627,0.5166666666666667,303.67699999999996,Medium
7453.01,Central Park W & W 91 St,48,-73.96680057048798,40.78866499127883,0,0.375,0.0,Lowest
5914.03,W 11 St & 6 Ave,79,-73.99800419,40.73532427,459,0.6333333333333333,168.75900000000001,Low
5422.09,Lafayette St & Grand St,78,-73.99879,40.72028,413,0.625,155.288,Low
7903.02,Broadway & W 133 St,21,-73.95615599999998,40.8190344,77,0.15,65.527,Lowest
7488.24,E 102 St & Park Ave,33,-73.95033068,40.7904828,101,0.25,75.851,Lowest
7563.06,E 116 St & 2 Ave,31,-73.937261,40.796879,67,0.23333333333333334,51.43366666666666,Lowest
7161.08,5 Ave & E 78 St,47,-73.96427392959595,40.77632142182271,506,0.36666666666666664,320.97266666666667,Medium
5886.13,E 20 St & FDR Dr,75,-73.9756813647,40.733208626522426,612,0.6,245.412,Medium
6560.14,W 40 St & 7 Ave,45,-73.988154,40.754818,42,0.35,27.342000000000002,Lowest
6830.02,E 63 St & 3 Ave,57,-73.9646,40.763954,288,0.45,158.68800000000002,Low
5001.08,Little West St & 1 Pl,35,-74.01677685,40.70569254,568,0.26666666666666666,417.10133333333334,Highest
6450.05,8 Ave & W 31 St,97,-73.9946848154068,40.7505853470215,969,0.7833333333333333,210.919,Low
5746.14,E 11 St & 1 Ave,61,-73.98426726,40.72953837,583,0.48333333333333334,301.7996666666666,Medium
6593.14,W 43 St & 6 Ave,63,-73.98316936,40.75527307,280,0.5,140.28,Low
6064.08,W 18 St & 6 Ave,69,-73.99456405,40.73971301,701,0.55,316.15099999999995,Medium
5175.08,Fulton St & Broadway,49,-74.009447,40.711066,435,0.38333333333333336,268.685,Medium
8013.07,St Nicholas Ave & W 150 St,26,-73.942722,40.827212,46,0.19166666666666668,37.22933333333334,Lowest
6425.04,11 Ave & W 27 St,45,-74.005226,40.751396,669,0.35,435.519,Highest
5270.05,Pike St & E Broadway,34,-73.99293911,40.71406667,359,0.25833333333333336,266.61733333333336,Medium
6230.04,FDR Drive & E 35 St,123,-73.97121214,40.744219,522,1.0,0.522,Lowest
5779.11,Ave A & E 14 St,41,-73.98047178983688,40.73031071000895,1141,0.31666666666666665,780.8243333333334,Highest
8018.04,Riverside Dr & W 145 St,35,-73.951989,40.827305,44,0.26666666666666666,32.31066666666667,Lowest
5500.07,6 Ave & Canal St,73,-74.00566443,40.72243797,261,0.5833333333333334,109.011,Low
6098.1,Broadway & E 21 St,54,-73.98958593606949,40.73988840858996,0,0.425,0.0,Lowest
6747.06,W 49 St & 8 Ave,67,-73.98788205,40.76227205,411,0.5333333333333333,192.211,Low
6541.03,E 48 St & 3 Ave,78,-73.971878855,40.7546011026,344,0.625,129.344,Low
7997.08,W 145 St & Amsterdam Ave,24,-73.947257,40.825244,42,0.175,34.692,Lowest
6164.09,Lexington Ave & E 29 St,54,-73.98215353488922,40.74311555376486,428,0.425,246.528,Medium
7354.01,Central Park West & W 85 St,38,-73.969862,40.78476,406,0.2916666666666667,287.9893333333333,Medium
5788.13,Lafayette St & E 8 St,105,-73.99102628231049,40.73020660529954,853,0.85,128.80300000000003,Low
5788.12,E 12 St & 3 Ave,70,-73.98889957,40.73223272,470,0.5583333333333333,208.0533333333333,Low
7183.03,Riverside Blvd & W 67 St,79,-73.98888587951659,40.777507027547976,534,0.6333333333333333,196.334,Low
6991.12,E 75 St & 3 Ave,41,-73.95772297,40.77112927,253,0.31666666666666665,173.13633333333334,Low
6602.05,W 42 St & 8 Ave,41,-73.99098507,40.7575699,500,0.31666666666666665,342.1666666666667,Medium
7286.01,E 91 St & 2 Ave,73,-73.94963040947914,40.78115276427915,0,0.5833333333333334,0.0,Lowest
5653.12,Spring St & Hudson St,63,-74.0076532959938,40.72583996792375,541,0.5,271.041,Medium
7814.01,Adam Clayton Powell Blvd & W 132 St,23,-73.94521,40.813539,62,0.16666666666666666,51.72866666666667,Lowest
5422.04,Howard St & Lafayette St,39,-73.99973337,40.71910537,407,0.3,285.30699999999996,Medium
5105.09,Liberty St & Nassau St,45,-74.00935482,40.70858894,0,0.35,0.0,Lowest
6306.07,W 20 St & 11 Ave,73,-74.007756,40.746745,0,0.5833333333333334,0.0,Lowest
7790.04,Lenox Ave & W 133 St,27,-73.941878,40.81296,73,0.2,58.473000000000006,Lowest
7409.04,W 84 St & Amsterdam Ave,63,-73.9756,40.78621,243,0.5,121.743,Low
6756.01,W 43 St & 10 Ave,117,-73.99461843,40.76009437,660,0.95,33.66000000000003,Lowest
7311.02,Amsterdam Ave & W 79 St,48,-73.9786517,40.7829391,460,0.375,287.96,Medium
7800.03,Amsterdam Ave & W 125 St,39,-73.956461,40.813358,87,0.3,60.986999999999995,Lowest
6659.09,Madison Ave & E 51 St,43,-73.97513,40.75863,182,0.3333333333333333,121.51533333333334,Low
6575.03,E 51 St & 2 Ave,41,-73.967641,40.755293,339,0.31666666666666665,231.989,Low
8563.06,Nagle Ave & Thayer St,34,-73.925591,40.861382,22,0.25833333333333336,16.33866666666667,Lowest
6644.07,W 42 St & Dyer Ave,33,-73.99379968643188,40.75898481399634,376,0.25,282.376,Medium
7414.17,3 Ave & E 100 St,27,-73.94728331,40.7877214,79,0.2,63.279,Lowest
8679.03,10 Ave & W 215 St,21,-73.91519755125046,40.86932465640094,11,0.15,9.361,Lowest
5561.06,Lafayette St & Jersey St,60,-73.99565293,40.72456089,624,0.475,328.224,Medium
7981.16,Broadway & W 142 St,23,-73.951947,40.824686,33,0.16666666666666666,27.533,Lowest
7543.15,3 Ave & E 112 St,23,-73.941606,40.795508,68,0.16666666666666666,56.73466666666667,Lowest
5288.08,Park Pl & Church St,54,-74.00935515761375,40.71334184275907,234,0.425,134.784,Low
5922.08,Bank St & Hudson St,27,-74.00618026,40.73652889,321,0.2,257.12100000000004,Medium
5938.11,E 16 St & Irving Pl,79,-73.98797392845154,40.735367055605394,552,0.6333333333333333,202.95200000000003,Low
5679.05,Mercer St & Bleecker St,67,-73.99662137031554,40.72706363348306,816,0.5333333333333333,381.616,Medium
8069.01,Amsterdam Ave & W 152 St,20,-73.944279,40.829523,39,0.14166666666666666,33.514,Lowest
8579.05,Academy St & Nagle Ave,20,-73.922661,40.862562,5,0.14166666666666666,4.296666666666667,Lowest
7123.04,W 64 St & Thelonious Monk Circle,43,-73.98918695747852,40.77515953434235,395,0.3333333333333333,263.72833333333335,Medium
6650.07,E 55 St & 2 Ave,29,-73.96603308,40.75797322,400,0.21666666666666667,313.73333333333335,Medium
8187.04,Edgecombe Ave & W 167 St,23,-73.936085,40.838191,15,0.16666666666666666,12.515,Lowest
8532.03,Margaret Corbin Plz & Ft Washington Ave,25,-73.933872,40.859166,22,0.18333333333333332,17.988666666666667,Lowest
6432.1,E 41 St & Madison Ave (SE corner),92,-73.979635,40.752049,898,0.7416666666666667,232.88133333333332,Low
5687.04,MacDougal St & Prince St,56,-74.00297088,40.72710258,558,0.44166666666666665,312.108,Medium
7541.01,W 95 St & Broadway,32,-73.971888,40.7937704,299,0.24166666666666667,227.04066666666665,Low
5453.06,Kenmare St & Elizabeth St,37,-73.9949,40.72054,291,0.2833333333333333,208.841,Low
8358.1,Cabrini Blvd & W 177 St,24,-73.941343,40.848282,16,0.175,13.216,Lowest
7602.05,Lenox Ave & W 111 St,36,-73.9523,40.7987859,309,0.275,224.334,Low
7745.07,W 120 St & Claremont Ave,39,-73.9634,40.8109494,140,0.3,98.14,Lowest
6197.11,2 Ave & E 31 St,81,-73.97711,40.74299,0,0.65,0.0,Lowest
5279.03,Centre St & Worth St,120,-74.00234482,40.71494807,356,0.975,9.256000000000007,Lowest
6809.07,W 56 St & 6 Ave,54,-73.97722479,40.76340613,412,0.425,237.31199999999998,Low
6266.06,9 Ave & W 22 St,61,-74.00197139,40.7454973,642,0.48333333333333334,332.342,Medium
6379.03,1 Ave & E 44 St,87,-73.96905301,40.75001986,318,0.7,95.71800000000002,Lowest
6659.03,E 53 St & Madison Ave,51,-73.97402311,40.7597108,213,0.4,128.013,Low
7311.07,W 78 St & Broadway,39,-73.98093133,40.78339981,239,0.3,167.539,Low
7458.03,W 87 St & Amsterdam Ave,43,-73.9747,40.78839,247,0.3333333333333333,164.91366666666667,Low
7837.3,St Nicholas Ave & W 134 St,27,-73.948222,40.816234,94,0.2,75.29400000000001,Lowest
7595.17,Columbus Ave & W 103 St,40,-73.9643412291,40.7969347,77,0.30833333333333335,53.33533333333333,Lowest
5145.02,Albany St & Greenwich St,46,-74.013247,40.709267,232,0.35833333333333334,149.09866666666665,Low
6700.14,W 51 St & Rockefeller Plaza,51,-73.97811613976955,40.75973805251143,187,0.4,112.387,Low
7932.1,W 144 St & Adam Clayton Powell Blvd,24,-73.939249,40.820877,34,0.175,28.084,Lowest
6526.05,8 Ave & W 38 St,65,-73.99177,40.75461,590,0.5166666666666667,285.75666666666666,Medium
6233.05,W 16 St & The High Line,60,-74.00681753,40.74334935,623,0.475,327.69800000000004,Medium
7704.04,Adam Clayton Powell Blvd & W 123 St,31,-73.949373,40.8078316,164,0.23333333333333334,125.89733333333332,Low
5294.04,Henry St & Grand St,36,-73.981095,40.714211,606,0.275,439.95599999999996,Highest
5470.13,Hudson St & N Moore St,69,-74.0086269379,40.719887998,0,0.55,0.0,Lowest
7243.04,E 84 St & Park Ave,44,-73.95772073,40.77862688,224,0.3416666666666667,147.69066666666666,Low
6072.11,8 Ave & W 16 St,36,-74.001702,40.740983,1004,0.275,728.904,Highest
6889.12,E 72 St & York Ave,37,-73.95348296,40.76663814,464,0.2833333333333333,332.99733333333336,Medium
7281.09,W 76 St & Columbus Ave,51,-73.97728532552719,40.7801839724239,428,0.4,257.228,Medium
5602.06,Greene St & Prince St,45,-73.99930492043495,40.72511734422387,310,0.35,201.81,Low
7386.1,2 Ave & E 99 St,31,-73.94552579,40.7862586,99,0.23333333333333334,75.999,Lowest
5207.01,Centre St & Chambers St,57,-74.0046073,40.71273266,551,0.45,303.601,Medium
6955.01,W 56 St & 10 Ave,43,-73.988639,40.768254,460,0.3333333333333333,307.1266666666667,Medium
5359.13,Church St & Worth St,45,-74.00650128722191,40.71688538495366,237,0.35,154.287,Low
5137.11,Fulton St & William St,43,-74.00655090808868,40.70960089363537,263,0.3333333333333333,175.59633333333335,Low
8100.01,Frederick Douglass Blvd & Harlem River Dr,19,-73.936371,40.830702,12,0.13333333333333333,10.412,Lowest
5288.12,Murray St & Greenwich St,49,-74.01122331619263,40.71485150526251,0,0.38333333333333336,0.0,Lowest
7685.14,Mt Morris Park W & W 120 St,27,-73.945925,40.804038,132,0.2,105.732,Low
7407.13,E 102 St & 1 Ave,25,-73.94164802,40.7869946,168,0.18333333333333332,137.368,Low
6257.03,W 24 St & 7 Ave,79,-73.99529885,40.74487634,797,0.6333333333333333,293.0303333333334,Medium
6890.06,W 50 St & 10 Ave,55,-73.99194359779358,40.76473420006519,0,0.43333333333333335,0.0,Lowest
7538.14,W 100 St & Manhattan Ave,39,-73.9645,40.795,269,0.3,188.569,Low
6839.04,E 58 St & Madison Ave,37,-73.97209525108337,40.76302594280519,266,0.2833333333333333,190.89933333333335,Low
7655.22,Lenox Ave & W 117 St,31,-73.9490782,40.8025566,236,0.23333333333333334,181.16933333333333,Low
7872.03,Lenox Ave & W 140 St,23,-73.938787,40.817245,76,0.16666666666666666,63.409333333333336,Lowest
8157.06,Broadway & W 160 St,22,-73.9434,40.835775,40,0.15833333333333333,33.70666666666666,Lowest
6756.05,W 44 St & 11 Ave,79,-73.996975,40.762009,487,0.6333333333333333,179.0536666666667,Low
8029.28,Macombs Pl & W 152 St,33,-73.937948,40.826406,19,0.25,14.269,Lowest
5470.1,Greenwich St & Hubert St,35,-74.010065,40.721319,408,0.26666666666666666,299.608,Medium
7463.09,E 103 St & Lexington Ave,35,-73.94755757,40.7903051,119,0.26666666666666666,87.38566666666668,Lowest
5262.09,Madison St & Montgomery St,20,-73.984844,40.713126,226,0.14166666666666666,194.20933333333335,Low
6839.15,Central Park S & Grand Army Plaza,85,-73.973473,40.764555,0,0.6833333333333333,0.0,Lowest
5065.14,Cliff St & Fulton St,65,-74.00495,40.70838,287,0.5166666666666667,139.00366666666665,Low
5947.04,W 13 St & 5 Ave,43,-73.99431,40.735445,874,0.3333333333333333,583.5406666666668,Highest
7876.07,Frederick Douglass Blvd & W 139 St,22,-73.94476890563965,40.81900581806558,65,0.15833333333333333,54.77333333333333,Lowest
5721.14,LaGuardia Pl & W 3 St,51,-73.99810231,40.72917025,593,0.4,356.393,Medium
5523.02,Stanton St & Chrystie St,47,-73.99147535,40.72229346,456,0.36666666666666664,289.256,Medium
4962.09,Pearl St & Whitehall St,44,-74.013178,40.703144,0,0.3416666666666667,0.0,Lowest
5414.07,Delancey St & Eldridge St,31,-73.991479,40.719383,169,0.23333333333333334,129.73566666666665,Low
5343.11,Orchard St & Grand St,45,-73.99067759513855,40.717318403855785,479,0.35,311.829,Medium
6398.06,W 37 St & 5 Ave,60,-73.98338988,40.75038009,413,0.475,217.238,Low
7701.21,5 Ave & W 126 St,27,-73.9418,40.80722,120,0.2,96.12,Lowest
6248.08,5 Ave & E 30 St,56,-73.98629487,40.7459849,414,0.44166666666666665,231.564,Low
6847.02,Broadway & W 56 St,117,-73.98192338,40.7652654,726,0.95,37.02600000000003,Lowest
7436.16,E 103 St & 2 Ave,33,-73.9436,40.78864,0,0.25,0.0,Lowest
6441.01,Broadway & W 36 St,78,-73.98765428,40.75097711,441,0.625,165.816,Low
6313.1,Lexington Ave & E 36 St,23,-73.9788007736206,40.7475739589548,341,0.16666666666666666,284.5076666666667,Medium
6998.08,E 72 St & Park Ave,43,-73.96409422159195,40.77118287540658,338,0.3333333333333333,225.67133333333337,Low
7658.13,Frederick Douglass Blvd & W 115 St,33,-73.9559308,40.8038654,233,0.25,174.983,Low
6948.1,Broadway & W 58 St,79,-73.98169333,40.76695317,1049,0.6333333333333333,385.68233333333336,Medium
5297.02,Vesey Pl & River Terrace,57,-74.01658354,40.7153379,713,0.45,392.86300000000006,Medium
5230.02,Rutgers St & Henry St,40,-73.99009689688683,40.71332151208186,274,0.30833333333333335,189.79066666666665,Low
7640.04,E 118 St & Madison Ave,29,-73.9442507,40.8014866,120,0.21666666666666667,94.12,Lowest
5539.06,Laight St & Hudson St,87,-74.00771779,40.72185379,100,0.7,30.100000000000005,Lowest
6441.06,W 37 St & Broadway,84,-73.98770570755005,40.75227093837409,239,0.675,77.91399999999999,Lowest
8715.06,W 218 St & Broadway,27,-73.914318,40.87139,14,0.2,11.214,Lowest
8049.05,Edgecombe Ave & W 150 St,20,-73.941427,40.826881,14,0.14166666666666666,12.030666666666667,Lowest
5971.08,E 20 St & 2 Ave,84,-73.98205027,40.73587678,530,0.675,172.77999999999997,Low
5238.05,St James Pl & Oliver St,48,-73.99851193,40.71307916,379,0.375,237.254,Low
5492.05,Cleveland Pl & Spring St,33,-73.99724900722504,40.722103786686034,749,0.25,562.499,Highest
5703.13,Ave A & E 11 St,69,-73.98175925016403,40.72854745023944,676,0.55,304.876,Medium
6740.01,W 52 St & 6 Ave,59,-73.97982001304626,40.76132983124814,280,0.4666666666666667,149.61333333333334,Low
5687.11,King St & Varick St,36,-74.00536268949507,40.72789701409023,418,0.275,303.468,Medium
7818.17,W 129 St & Convent Ave,30,-73.95324736833572,40.814394437915816,38,0.225,29.488,Lowest
7059.08,West End Ave & W 60 St,39,-73.99005,40.77237,554,0.3,388.354,Medium
7520.07,Columbus Ave & W 95 St,39,-73.968087,40.7919557,407,0.3,285.30699999999996,Medium
6004.07,E 25 St & 1 Ave,35,-73.97738662,40.7381765,424,0.26666666666666666,311.3573333333334,Medium
5854.09,1 Ave & E 18 St,54,-73.98054420948029,40.73381219196632,0,0.425,0.0,Lowest
6364.1,6 Ave & W 34 St,67,-73.98805,40.74964,845,0.5333333333333333,395.17833333333334,Medium
6726.01,11 Ave & W 41 St,55,-73.99884222,40.76030096,909,0.43333333333333335,516.009,Highest
6955.05,W 54 St & 11 Ave,59,-73.992573,40.768333,571,0.4666666666666667,305.10433333333333,Medium
5270.07,Forsyth St & Canal St,29,-73.99422366,40.7158155,312,0.21666666666666667,244.712,Medium
5659.05,E 10 St & Ave A,107,-73.98142006,40.72740794,407,0.8666666666666667,54.673666666666655,Lowest
5769.06,Ave C & E 16 St,32,-73.97455215454102,40.72984830346529,221,0.24166666666666667,167.81266666666667,Low
7646.04,W 110 St & Amsterdam Ave,45,-73.96295,40.802692,268,0.35,174.46800000000002,Low
5896.01,E 17 St & 2 Ave,47,-73.98372530937195,40.73431166276575,425,0.36666666666666664,269.59166666666664,Medium
6953.08,E 74 St & 1 Ave,79,-73.95482273,40.7689738,424,0.6333333333333333,155.89066666666668,Low
7622.12,2 Ave & E 122 St,25,-73.9349,40.8006721,55,0.18333333333333332,44.971666666666664,Lowest
5575.13,Ave D & E 10 St,30,-73.97515833377838,40.72506551015475,140,0.225,108.64,Low
5506.14,E 6 St & Ave D,45,-73.97668709,40.72228087,289,0.35,188.139,Low
5610.09,6 Ave & Broome St,72,-74.00473,40.72431,456,0.575,194.25600000000003,Low
7456.03,E 106 St & 1 Ave,26,-73.93956237,40.7892529,95,0.19166666666666668,76.88666666666667,Lowest
6822.09,1 Ave & E 68 St,87,-73.95818491,40.76500525,763,0.7,229.66300000000004,Low
5578.02,Watts St & Greenwich St,35,-74.00965965,40.72405549,333,0.26666666666666666,244.53300000000002,Medium
8142.03,Riverside Dr E & W 155 St,23,-73.94834974194816,40.834097985815255,0,0.16666666666666666,0.0,Lowest
8206.17,Amsterdam Ave & W 167 St,23,-73.937044,40.839443,16,0.16666666666666666,13.349333333333334,Lowest
8089.05,Broadway & W 153 St,20,-73.946665,40.831327,27,0.14166666666666666,23.202,Lowest
5626.06,E 5 St & Ave A,48,-73.98430064320564,40.72479007746337,464,0.375,290.464,Medium
6297.07,8 Ave & W 27 St,33,-73.996637,40.747968,486,0.25,364.986,Medium
8018.09,W 146 St & Broadway,30,-73.949738,40.826969,66,0.225,51.216,Lowest
5453.05,Forsyth St & Broome St,66,-73.99266288,40.71893904,300,0.525,142.79999999999998,Low
4993.02,Pearl St & Hanover Square,68,-74.00926027,40.7047177,236,0.5416666666666666,108.40266666666668,Low
6912.01,7 Ave & Central Park South,81,-73.9790689945221,40.7667405590595,754,0.65,264.654,Medium
6611.07,Hudson Blvd W & W 36 St,47,-73.99971440439913,40.75676475086503,231,0.36666666666666664,146.531,Low
7128.08,E 76 St & Park Ave,28,-73.96222088,40.773763,234,0.20833333333333334,185.48399999999998,Low
6517.08,W 42 St & 6 Ave,55,-73.98455,40.75492,657,0.43333333333333335,372.957,Medium
8085.05,St Nicholas Ave & W 155 St,23,-73.941323,40.830663,21,0.16666666666666666,17.521,Lowest
6331.01,W 31 St & 7 Ave,84,-73.9916,40.749156,926,0.675,301.876,Medium
7049.04,E 82 St & East End Ave,33,-73.9468208,40.7724607,204,0.25,153.204,Low
8226.05,W 165 St & Fort Washington Ave,27,-73.942939,40.84004,29,0.2,23.229000000000003,Lowest
6593.15,6 Ave & W 45 St,67,-73.982631,40.756951,462,0.5333333333333333,216.062,Low
5500.02,Grand St & Greene St,45,-74.00238141417502,40.72170005235607,317,0.35,206.36700000000002,Low
7121.02,E 80 St & 2 Ave,35,-73.9543953537941,40.77391390238118,0,0.26666666666666666,0.0,Lowest
6280.12,E 32 St & Park Ave,55,-73.98194829,40.7457121,630,0.43333333333333335,357.63,Medium
7756.1,St Nicholas Ave & W 126 St,34,-73.9518776,40.8114323,211,0.25833333333333336,156.7026666666667,Low
6373.07,W 30 St & 8 Ave,66,-73.9952078461647,40.74965268472847,404,0.525,192.304,Low
6786.02,W 47 St & 9 Ave,54,-73.99007007479668,40.76153045158114,582,0.425,335.23199999999997,Medium
8085.09,St Nicholas Ave & W 157 St,20,-73.94102,40.832314,16,0.14166666666666666,13.749333333333334,Lowest
5721.07,Thompson St & Bleecker St,61,-73.99968780577183,40.72840059450829,489,0.48333333333333334,253.13899999999998,Medium
7052.01,W 63 St & Broadway,31,-73.98261428,40.77163851,472,0.23333333333333334,362.33866666666665,Medium
5636.11,Great Jones St,23,-73.99379025,40.72743423,595,0.16666666666666666,496.42833333333334,Highest
7260.09,Amsterdam Ave & W 73 St,55,-73.98093044757842,40.77966809007312,680,0.43333333333333335,386.0133333333333,Medium
6289.06,Broadway & W 29 St,101,-73.98855723,40.7462009,735,0.8166666666666667,135.485,Low
7610.13,W 104 St & Amsterdam Ave,47,-73.96649479866028,40.79904139288298,0,0.36666666666666664,0.0,Lowest
5216.04,Barclay St & Church St,37,-74.01020234,40.71291224,191,0.2833333333333333,137.07433333333333,Low
7207.08,W 70 St & Amsterdam Ave,43,-73.98288594,40.77748046,511,0.3333333333333333,341.1776666666667,Medium
6498.1,E 47 St & 2 Ave,102,-73.97032517,40.75323098,492,0.825,86.59200000000003,Lowest
5561.04,Mott St & Prince St,39,-73.99480012,40.72317958,513,0.3,359.613,Medium
6809.09,W 55 St & 6 Ave,77,-73.978434,40.763189,388,0.6166666666666667,149.12133333333333,Low
8432.11,Amsterdam Ave & W 189 St,21,-73.92715752124786,40.85318758861975,10,0.15,8.51,Lowest
5980.1,E 17 St & Broadway,78,-73.990134,40.737006,0,0.625,0.0,Lowest
7795.09,Frederick Douglass Blvd & W 129 St,27,-73.9492286,40.8125511,54,0.2,43.254000000000005,Lowest
6122.09,2 Ave & E 29 St,57,-73.97809267044067,40.74172351097472,0,0.45,0.0,Lowest
5365.02,Columbia St & Rivington St,42,-73.98016555,40.71739973,239,0.325,161.56400000000002,Low
7286.05,1 Ave & E 94 St,39,-73.94594,40.7817212,119,0.3,83.419,Lowest
8715.01,Broadway & W 220 St,19,-73.912807,40.872412,17,0.13333333333333333,14.750333333333334,Lowest
7954.12,Frederick Douglass Blvd & W 145 St,27,-73.941928,40.823061,64,0.2,51.264,Lowest
6459.07,W 30 St & 10 Ave,56,-74.002353,40.752694,766,0.44166666666666665,428.44933333333336,Highest
5445.02,Suffolk St & Stanton St,79,-73.98517977,40.72066442,599,0.6333333333333333,220.23233333333334,Low
8399.06,Fort Washington Ave & W 183 St,30,-73.937854,40.852252,46,0.225,35.696,Lowest
5964.01,Bank St & Washington St,31,-74.00859207,40.7361967,363,0.23333333333333334,278.66299999999995,Medium
5721.01,Sullivan St & Washington Sq,57,-73.99906065,40.73047747,532,0.45,293.132,Medium
5335.07,Grand St & Samuel Dickstein Plaza,81,-73.98417055606842,40.71511871996496,415,0.65,145.665,Low
7692.11,W 116 St & Amsterdam Ave,43,-73.9607082,40.8067581,150,0.3333333333333333,100.15,Lowest
7832.04,W 135 St & Lenox Terrace Pl,29,-73.939336,40.813619,59,0.21666666666666667,46.275666666666666,Lowest
6926.01,W 52 St & 11 Ave,55,-73.99392888,40.76727216,530,0.43333333333333335,300.86333333333334,Medium
6569.07,W 36 St & 9 Ave,43,-73.99516761302948,40.75462324029105,405,0.3333333333333333,270.40500000000003,Medium
7748.02,E 132 St & Madison Ave,19,-73.937195,40.810224,46,0.13333333333333333,39.91266666666667,Lowest
6224.05,W 20 St & 8 Ave,84,-74.00004031,40.74345335,635,0.675,207.00999999999996,Low
7670.09,Adam Clayton Powell Blvd & W 118 St,27,-73.951475,40.804372,132,0.2,105.732,Low
7304.08,W 82 St & Central Park West,21,-73.97137,40.78275,355,0.15,302.105,Medium
7432.09,W 89 St & Columbus Ave,48,-73.97041561,40.7882213,364,0.375,227.864,Low
5938.01,E 19 St & 3 Ave,35,-73.98473765,40.73624527,332,0.26666666666666666,243.7986666666667,Medium
7881.09,Old Broadway & W 133 St,20,-73.955277,40.818212,17,0.14166666666666666,14.608666666666668,Lowest
5391.06,Lispenard St & Broadway,79,-74.00247214,40.71939226,307,0.6333333333333333,112.87366666666668,Low
5679.08,Bleecker St & Crosby St,63,-73.99510189890862,40.72615604980408,667,0.5,334.167,Medium
6682.08,E 60 St & York Ave,33,-73.959223,40.759107,122,0.25,91.622,Lowest
5820.08,E 13 St & 2 Ave,53,-73.9853024482727,40.73153937464073,671,0.4166666666666667,392.0876666666666,Medium
7084.12,E 81 St & York Ave,47,-73.94989233,40.7728384,246,0.36666666666666664,156.046,Low
8732.04,W 218 St & Indian Rd,21,-73.91837194561958,40.873054589370895,11,0.15,9.361,Lowest
8226.07,W 168 St & Ft Washington Ave,48,-73.9422395825386,40.84210236102173,70,0.375,43.82,Lowest
7627.1,Lenox Ave & W 115 St,31,-73.9500739,40.8011939,133,0.23333333333333334,102.09966666666666,Low
7587.16,W 111 St & 5 Ave,24,-73.9489397406578,40.79752078124755,0,0.175,0.0,Lowest
6224.03,W 22 St & 8 Ave,66,-73.99915362,40.74475148,715,0.525,340.34,Medium
8579.03,W 204 St & Nagle Ave,20,-73.920827,40.863211,6,0.14166666666666666,5.156000000000001,Lowest
7149.05,Amsterdam Ave & W 66 St,21,-73.98470567,40.7746671,318,0.15,270.618,Medium
7634.01,W 106 St & Amsterdam Ave,35,-73.9664492472,40.8008363,202,0.26666666666666666,148.33533333333335,Low
7154.1,3 Ave & E 82 St,43,-73.9563752,40.775744,0,0.3333333333333333,0.0,Lowest
7188.13,Madison Ave & E 82 St,34,-73.96069399,40.7781314,251,0.25833333333333336,186.40933333333334,Low
5382.07,Forsyth St & Grand St,63,-73.99316132068634,40.71779817737835,745,0.5,373.245,Medium
5929.01,E 23 St & 1 Ave,27,-73.97809472,40.736502,517,0.2,414.117,Highest
6779.04,Broadway & W 51 St,78,-73.98336183,40.76228826,512,0.625,192.512,Low
7344.05,E 91 St & Park Ave,23,-73.955327,40.7835016,240,0.16666666666666666,200.24,Low
6013.12,Gramercy Park N & Gramercy Park E,47,-73.98509,40.73795,475,0.36666666666666664,301.30833333333334,Medium
5436.11,E Houston St & Columbia St,51,-73.97871628403664,40.71978635452822,310,0.4,186.31,Low
6904.06,5 Ave & E 63 St,51,-73.971518,40.766368,317,0.4,190.517,Low
6824.07,W 47 St & 10 Ave,39,-73.99301222,40.76269882,488,0.3,342.08799999999997,Medium
5659.11,E 11 St & Ave B,66,-73.97950418293476,40.72746420692392,577,0.525,274.652,Medium
6215.07,W 27 St & 6 Ave,66,-73.99062,40.74526,516,0.525,245.61599999999999,Medium
8491.07,Audubon Ave & Fort George Ave,23,-73.92717361450195,40.85715781391904,4,0.16666666666666666,3.3373333333333335,Lowest
6551.11,E 43 St & Madison Ave,56,-73.97896572947502,40.75354681867074,614,0.44166666666666665,343.4306666666667,Medium
5329.08,Murray St & West St,31,-74.01246,40.71503,341,0.23333333333333334,261.7743333333333,Medium
8065.13,W 155 St & Frederick Douglass Blvd,31,-73.936996,40.82923,14,0.23333333333333334,10.747333333333332,Lowest
7524.16,Riverside Dr & W 91 St,59,-73.97700369358063,40.79313480986663,221,0.4666666666666667,118.08766666666666,Low
5515.02,E 2 St & Ave B,85,-73.98368779,40.72217444,422,0.6833333333333333,134.05533333333332,Low
6771.13,W 54 St & 6 Ave,63,-73.977242,40.761865,212,0.5,106.212,Low
7100.07,5 Ave & E 72 St,31,-73.96685276,40.77282817,448,0.23333333333333334,343.9146666666666,Medium
7942.21,Riverside Dr & W 138 St,30,-73.955857,40.823168,68,0.225,52.768,Lowest
8616.06,Riverside Dr & Broadway,24,-73.92791,40.865364,35,0.175,28.91,Lowest
7511.19,5 Ave & E 103 St,39,-73.95249933,40.7922553,298,0.3,208.898,Low
7650.05,West End Ave & W 107 St,31,-73.9681805305,40.8021174,171,0.23333333333333334,131.271,Low
6691.11,E 56 St & 3 Ave,79,-73.96759673,40.75934501,390,0.6333333333333333,143.39000000000001,Low
5159.07,South St & Pike St,35,-73.99161100387573,40.70991806921533,243,0.26666666666666666,178.443,Low
6474.11,E 40 St & 5 Ave,93,-73.9816324043,40.752062307,65,0.75,16.315,Lowest
6089.08,Lexington Ave & E 26 St,80,-73.983293,40.741459,357,0.6416666666666667,128.28199999999998,Low
7514.06,Icahn Stadium Plaza,19,-73.92396,40.79322,0,0.13333333333333333,0.0,Lowest
5073.07,Greenwich St & Rector St,59,-74.0135595202446,40.70806582380646,194,0.4666666666666667,103.66066666666667,Low
7696.07,E 128 St & 3 Ave,19,-73.934077,40.805631,17,0.13333333333333333,14.750333333333334,Lowest
6364.07,6 Ave & W 33 St,78,-73.98848395,40.74901271,893,0.625,335.76800000000003,Medium
5137.12,Gold St & Frankfort St,40,-74.00354147,40.71069995,0,0.30833333333333335,0.0,Lowest
6046.02,E 25 St & 2 Ave,79,-73.97973776,40.73912601,592,0.6333333333333333,217.65866666666668,Low
6584.12,E 47 St & Park Ave,111,-73.97498696,40.75510267,423,0.9,42.72299999999999,Lowest
6107.08,W 17 St & 7 Ave,47,-73.99852573871613,40.74056423633952,445,0.36666666666666664,282.2783333333333,Medium
7716.19,Lexington Ave & E 128 St,24,-73.936085,40.806414,26,0.175,21.476,Lowest
6762.02,E 58 St & 3 Ave,49,-73.96724467,40.76095756,475,0.38333333333333336,293.3916666666667,Medium
7235.13,E 88 St & 1 Ave,39,-73.9488134,40.778301,293,0.3,205.393,Low
8632.07,W 204 St & Vermilyea Ave,22,-73.922648,40.866141,17,0.15833333333333333,14.325333333333333,Lowest
7617.07,Central Park North & Adam Clayton Powell Blvd,36,-73.955613,40.799484,407,0.275,295.48199999999997,Medium
8316.02,Audubon Ave & W 179 St,23,-73.933291,40.847305,5,0.16666666666666666,4.171666666666667,Lowest
5311.08,Division St & Bowery,49,-73.99673,40.71419,0,0.38333333333333336,0.0,Lowest
7538.18,Central Park W & W 97 St,53,-73.96417066463071,40.79249519495111,353,0.4166666666666667,206.26966666666664,Low
6740.1,W 51 St & 6 Ave,81,-73.98042047,40.7606597,383,0.65,134.433,Low
6389.09,E 39 St & Lexington Ave,63,-73.97729203113158,40.7494985460252,0,0.5,0.0,Lowest
5436.09,Ave D & E 3 St,55,-73.97793172,40.72082834,332,0.43333333333333335,188.46533333333332,Low
7851.04,5 Av & W 139 St,20,-73.935856,40.815484,56,0.14166666666666666,48.12266666666667,Lowest
5847.01,Christopher St & Greenwich St,74,-74.00711384,40.73291553,814,0.5916666666666667,333.19733333333335,Medium
6464.09,E 44 St & Lexington Ave,49,-73.974996,40.752643,609,0.38333333333333336,376.159,Medium
6182.02,W 20 St & 7 Ave,44,-73.99726235,40.74238787,675,0.3416666666666667,445.05,Highest
6459.04,10 Ave & W 28 St,49,-74.00176802,40.75066386,665,0.38333333333333336,410.74833333333333,Highest
7014.12,Broadway & W 61 St,52,-73.9819684624672,40.77003010255044,610,0.4083333333333333,361.5266666666667,Medium
7092.06,E 77 St & 3 Ave,46,-73.95856158,40.77314236,322,0.35833333333333334,206.93866666666665,Low
6569.09,W 35 St & 9 Ave,32,-73.9960889518261,40.75414519263519,334,0.24166666666666667,253.61733333333333,Medium
7113.08,East End Ave & E 86 St,27,-73.94446054,40.77518615,120,0.2,96.12,Lowest
5905.12,Broadway & E 14 St,114,-73.99074142,40.73454567,808,0.925,61.407999999999966,Lowest
5746.02,E 10 St & 2 Ave,41,-73.9865979552269,40.72970805644994,572,0.31666666666666665,391.4386666666667,Medium
4993.13,Old Slip & South St,93,-74.007867872715,40.70336686695866,220,0.75,55.22,Lowest
7567.06,Lexington Ave & E 111 St,29,-73.9441232,40.7954121,138,0.21666666666666667,108.238,Low
5343.1,Allen St & Hester St,117,-73.99191,40.71606,0,0.95,0.0,Lowest
5763.03,Carmine St & 6 Ave,63,-74.00214988,40.73038599,713,0.5,357.213,Medium
5545.01,E 7 St & Ave C,38,-73.97901266813278,40.72412944090093,520,0.2916666666666667,368.8533333333333,Medium
5788.16,E 11 St & 3 Ave,80,-73.98849,40.73127,549,0.6416666666666667,197.27399999999997,Low
5669.12,E 6 St & 2 Ave,69,-73.98840844631195,40.72737869323223,0,0.55,0.0,Lowest
6753.08,1 Ave & E 62 St,45,-73.96094022,40.7612274,562,0.35,365.862,Medium
6224.06,8 Ave & W 24 St,3,-73.99807110428809,40.74591072834279,501,0.0,501.5009999999999,Highest
6659.1,E 50 St & Park Ave,37,-73.974235,40.757334,158,0.2833333333333333,113.39133333333334,Low
6030.06,W 15 St & 7 Ave,79,-73.99931783,40.73935542,609,0.6333333333333333,223.90900000000002,Low
5712.03,Cooper Square & Astor Pl,87,-73.99075269699097,40.72951496224949,870,0.7,261.87000000000006,Medium
5159.04,Pike St & Monroe St,27,-73.99193043,40.71173107,201,0.2,161.001,Low
6925.09,2 Ave & E 72 St,55,-73.95840793848038,40.7687620293096,592,0.43333333333333335,336.0586666666667,Medium
6039.06,Washington St & Gansevoort St,51,-74.008119,40.739323,731,0.4,439.33099999999996,Highest
5509.02,Washington St & Laight St,63,-74.0106,40.72231,261,0.5,130.761,Low
6030.04,W 13 St & 7 Ave,47,-73.99994661,40.73781509,688,0.36666666666666664,436.42133333333334,Highest
7886.02,12 Ave & W 125 St,39,-73.960405,40.818299,211,0.3,147.911,Low
5406.04,Pitt St & Stanton St,15,-73.98178024,40.71926081,136,0.1,122.536,Low
8009.05,Adam Clayton Powell Blvd & W 151 St,18,-73.936232,40.825289,28,0.125,24.528,Lowest
8381.04,W 181 St & Riverside Dr,21,-73.94186,40.85168,61,0.15,51.911,Lowest
7020.02,E 77 St & 1 Ave,52,-73.95356208096926,40.77095553869235,530,0.4083333333333333,314.11333333333334,Medium
7365.08,E 97 St & 3 Ave,30,-73.94860294,40.7859201,92,0.225,71.392,Lowest
7783.18,Broadway & W 122 St,33,-73.9612547,40.8120562,98,0.25,73.598,Lowest
5847.08,Washington St & Barrow St,57,-74.008769094944,40.73191132323174,384,0.45,211.584,Low
7769.06,5 Ave & E 135 St,21,-73.937838,40.812191,49,0.15,41.699,Lowest
5374.01,Norfolk St & Broome St,59,-73.98802084,40.7172274,671,0.4666666666666667,358.53766666666667,Medium
5476.03,E 2 St & Ave C,84,-73.98085795,40.7208736,407,0.675,132.682,Low
5922.07,Perry St & Bleecker St,79,-74.00483091,40.73535398,507,0.6333333333333333,186.407,Low
5922.04,Greenwich St & Perry St,45,-74.00697,40.73498,458,0.35,298.158,Medium
5024.1,Water St & Fletcher St,79,-74.00559738278389,40.706410755236135,220,0.6333333333333333,80.88666666666667,Lowest
5184.08,West St & Liberty St,48,-74.014847,40.711444,878,0.375,549.628,Highest
6492.04,W 33 St & 10 Ave,61,-73.99937599897385,40.75377336836039,0,0.48333333333333334,0.0,Lowest
6115.09,W 15 St & 10 Ave,57,-74.00747358798981,40.74275382865903,0,0.45,0.0,Lowest
6131.12,Madison Ave & E 26 St,75,-73.98671329021454,40.742684734875695,520,0.6,208.52,Low
5955.12,Perry St & Greenwich Ave,53,-74.000939,40.735918,429,0.4166666666666667,250.67899999999997,Medium
6969.08,E 66 St & Madison Ave,25,-73.96845281124115,40.76800889305947,145,0.18333333333333332,118.56166666666667,Low
8138.07,W 160 St & St Nicholas Ave,26,-73.939865,40.834468,23,0.19166666666666668,18.61466666666667,Lowest
8453.14,W 190 St & St Nicholas Ave,28,-73.929513,40.854788,9,0.20833333333333334,7.1339999999999995,Lowest
6306.06,W 22 St & 10 Ave,77,-74.00451887,40.74691959,810,0.6166666666666667,311.31,Medium
8153.1,W 163 St & Edgecombe Ave,19,-73.937496,40.835798,10,0.13333333333333333,8.676666666666668,Lowest
5971.09,E 22 St & 2 Ave,49,-73.98122549057007,40.73716919369882,459,0.38333333333333336,283.509,Medium
5947.06,E 15 St & 5 Ave,73,-73.992949,40.736592,0,0.5833333333333334,0.0,Lowest
8696.05,9 Ave & W 219 St,19,-73.911503,40.871094,4,0.13333333333333333,3.470666666666667,Lowest
7741.01,Morningside Ave & W 123 St,35,-73.9551508,40.81,122,0.26666666666666666,89.58866666666667,Lowest
5616.01,E 9 St & Ave C,50,-73.97768752,40.72521311,392,0.39166666666666666,238.8586666666667,Low
6303.02,1 Ave & E 42 St,62,-73.970127,40.7487575,0,0.49166666666666664,0.0,Lowest
7540.02,E 114 St & 1 Ave,26,-73.9362541,40.7945663,75,0.19166666666666668,60.7,Lowest
5626.13,St Marks Pl & 1 Ave,69,-73.98564945,40.72779126,600,0.55,270.59999999999997,Medium
5105.01,Liberty St & Broadway,67,-74.01043382,40.70905623,383,0.5333333333333333,179.11633333333333,Low
7992.04,Bradhurst Ave & W 148 St,22,-73.941616,40.825125,27,0.15833333333333333,22.752,Lowest
6717.06,9 Ave & W 45 St,31,-73.9912551,40.76019252,611,0.23333333333333334,469.04433333333327,Highest
6148.02,W 17 St & 8 Ave,74,-74.00149746,40.74177603,539,0.5916666666666667,220.63066666666666,Low
8085.13,Harlem River Dr & W 155 St,24,-73.939929,40.830476,16,0.175,13.216,Lowest
7865.09,Broadway & W 131 St,21,-73.957163,40.817555,96,0.15,81.696,Lowest
6532.06,E 51 St & 1 Ave,35,-73.96592976,40.75455731,268,0.26666666666666666,196.80133333333336,Low
7599.02,E 115 St & Madison Ave,31,-73.944846,40.7989445,59,0.23333333333333334,45.29233333333333,Lowest
7393.09,E 97 St & Madison Ave,41,-73.953559,40.787801,240,0.31666666666666665,164.24,Low
5805.07,7 Ave S & Bleecker St,87,-74.00363802909851,40.73213896287381,556,0.7,167.35600000000002,Low
7484.05,W 87 St & West End Ave,47,-73.97757,40.789622,294,0.36666666666666664,186.494,Low
7842.16,Amsterdam Ave & W 131 St,19,-73.954295,40.816355,25,0.13333333333333333,21.691666666666666,Lowest
5198.04,Market St & Cherry St,45,-73.99400398,40.71076228,252,0.35,164.052,Low
5616.08,E 12 St & Ave C,41,-73.976831,40.727243,275,0.31666666666666665,188.19166666666666,Low
6098.02,W 20 St & 5 Ave,57,-73.99103969335556,40.73972989238724,483,0.45,266.13300000000004,Medium
7688.12,Frederick Douglass Blvd & W 117 St,39,-73.954692,40.805159,307,0.3,215.207,Low
5593.02,E 2 St & 2 Ave,84,-73.99069656,40.72502876,295,0.675,96.16999999999999,Lowest
5644.05,W Broadway & W Houston St,50,-74.000472,40.726378,255,0.39166666666666666,155.38000000000002,Low
8119.05,W 159 St & Edgecombe Ave,21,-73.939326,40.833303,19,0.15,16.169,Lowest
4993.15,Water St & Gouverneur Ln,37,-74.00803416967392,40.70469667894968,154,0.2833333333333333,110.52066666666667,Low
5096.12,Peck Slip & South St,45,-74.00108054280281,40.7075188830923,334,0.35,217.434,Low
6578.01,W 34 St & 11 Ave,80,-74.0021163,40.75594159,504,0.6416666666666667,181.10399999999998,Low
5065.1,Maiden Ln & Pearl St,29,-74.00731853,40.70706456,228,0.21666666666666667,178.828,Low
8579.09,10 Ave & W 204 St,20,-73.92006,40.862638,5,0.14166666666666666,4.296666666666667,Lowest
5329.03,West St & Chambers St,115,-74.01322069,40.71754834,1321,0.9333333333333333,89.38766666666665,Lowest
5779.09,E 13 St & Ave A,90,-73.98067966103554,40.72966729392978,0,0.725,0.0,Lowest
6079.03,1 Ave & E 30 St,38,-73.97536082,40.74144387,448,0.2916666666666667,317.7813333333333,Medium
5247.1,Reade St & Broadway,62,-74.00562789,40.71450451,217,0.49166666666666664,110.52533333333332,Low
7713.01,W 113 St & Broadway,39,-73.964928,40.805973,0,0.3,0.0,Lowest
5137.1,Spruce St & Nassau St,34,-74.00552427,40.71146364,263,0.25833333333333336,195.32133333333334,Low
4889.06,Bus Slip & State St,69,-74.013942,40.701907,248,0.55,111.84799999999998,Low
5872.1,E 9 St & 5 Ave,59,-73.99581670761108,40.73275887045087,527,0.4666666666666667,281.59366666666665,Medium
8108.02,Riverside Dr & W 153 St,21,-73.949702,40.832164,58,0.15,49.358,Lowest
7774.02,Adam Clayton Powell Blvd & W 130 St,22,-73.946168,40.812346,63,0.15833333333333333,53.088,Lowest
6801.16,E 61 St & Madison Ave,39,-73.97037800510203,40.764752828526326,0,0.3,0.0,Lowest
8507.02,Dyckman St & 10 Ave,19,-73.9230939745903,40.85890447538412,8,0.13333333333333333,6.941333333333334,Lowest
6422.08,E 43 St & 2 Ave,52,-73.97121414,40.75022392,300,0.4083333333333333,177.8,Low
5593.04,E 4 St & 2 Ave,78,-73.98978041,40.7262807,500,0.625,188.0,Low
5114.08,South End Ave & Albany St,45,-74.016538,40.709957,370,0.35,240.87,Medium
7631.23,Frederick Douglass Blvd & W 112 St,37,-73.957145,40.801694,342,0.2833333333333333,245.442,Medium
5829.12,E 11 St & Broadway,99,-73.99158043,40.73261787,0,0.8,0.0,Lowest
6422.09,E 44 St & 2 Ave,39,-73.97138714790344,40.75118387463277,185,0.3,129.685,Low
6206.08,E 30 St & Park Ave S,65,-73.98303529,40.74444921,221,0.5166666666666667,107.03766666666665,Low
5368.03,River Ter & Warren St,69,-74.01587963104248,40.71759894980997,393,0.55,177.243,Low
5484.09,Allen St & Stanton St,49,-73.989111,40.722055,594,0.38333333333333336,366.894,Medium
7981.27,W 140 St & Riverside Dr,23,-73.954743,40.824013,22,0.16666666666666666,18.355333333333334,Lowest
7577.27,Central Park W & W 103 St,40,-73.96188408136368,40.79558954105342,232,0.30833333333333335,160.69866666666667,Low
7606.01,W 106 St & Central Park West,59,-73.9605909006,40.7981856,360,0.4666666666666667,192.35999999999999,Low
6765.01,12 Ave & W 40 St,76,-74.00277668,40.76087502,960,0.6083333333333333,376.96000000000004,Medium
6157.04,10 Ave & W 14 St,81,-74.00831580162048,40.74198159994023,0,0.65,0.0,Lowest
7540.05,Pleasant Ave & E 116 St,23,-73.93333,40.79499,0,0.16666666666666666,0.0,Lowest
5593.01,E 1 St & 1 Ave,75,-73.98864984512329,40.72335597960796,643,0.6,257.843,Medium
5515.08,E 4 St & Ave B,37,-73.98265913128853,40.72334683218016,0,0.2833333333333333,0.0,Lowest
7360.1,Amsterdam Ave & W 82 St,39,-73.97667321,40.78524672,389,0.3,272.68899999999996,Medium
6498.09,E 47 St & 1 Ave,70,-73.96784384,40.75206862,211,0.5583333333333333,93.40266666666666,Lowest
7188.1,E 81 St & Park Ave,46,-73.9590097,40.77677702,154,0.35833333333333334,98.97066666666666,Lowest
5696.03,Pier 40 - Hudson River Park,23,-74.01129573583603,40.7277140777778,825,0.16666666666666666,688.325,Highest
8613.09,10 Ave & W 207 St,39,-73.918598,40.864632,10,0.3,7.01,Lowest
6932.14,E 67 St & Park Ave,39,-73.96592080593109,40.76780080148132,170,0.3,119.16999999999999,Low
6197.08,E 33 St & 1 Ave,83,-73.97449783980846,40.74322681432173,759,0.6666666666666666,253.75900000000001,Medium
6089.11,E 26 St & 3 Ave,39,-73.98160636425018,40.74069317733043,409,0.3,286.709,Medium
8636.04,Dyckman St & Henshaw St,19,-73.92936,40.867357,19,0.13333333333333333,16.485666666666667,Lowest
7971.07,W 147 St & Adam Clayton Powell Blvd,25,-73.937413,40.82281,29,0.18333333333333332,23.712333333333333,Lowest
6416.06,W 29 St & 9 Ave,43,-73.99839279,40.7500727,577,0.3333333333333333,385.2436666666667,Medium
6441.02,Broadway & W 37 St,57,-73.98753523,40.75172632,223,0.45,122.873,Low
5335.03,Bialystoker Pl & Delancey St,33,-73.98261206,40.71622644,229,0.25,171.979,Low
6626.11,W 48 St &  Rockefeller Plaza,57,-73.97929430007935,40.75776935448309,260,0.45,143.26000000000002,Low
5470.12,North Moore St & Greenwich St,29,-74.0103006362915,40.72019521437465,699,0.21666666666666667,548.249,Highest
5351.03,Bayard St & Baxter St,43,-73.99974372,40.71602118,365,0.3333333333333333,243.69833333333335,Medium
5730.08,Greenwich St & W Houston St,50,-74.008591,40.728846,632,0.39166666666666666,385.0986666666667,Medium
6190.08,9 Ave & W 18 St,84,-74.00366443,40.74317449,691,0.675,225.26599999999996,Low
5755.01,Washington Pl & Broadway,27,-73.99404649,40.72903917,505,0.2,404.505,Medium
5553.1,E 2 St & Ave A,68,-73.98583620786667,40.72307749068673,485,0.5416666666666666,222.7766666666667,Low
5779.08,1 Ave & E 16 St,54,-73.98165557,40.73221853,664,0.425,382.464,Medium
8242.04,Amsterdam Ave & W 172 St,23,-73.935111,40.842173,13,0.16666666666666666,10.846333333333334,Lowest
7720.03,Lenox Ave & W 126 St,34,-73.9452087,40.808442,260,0.25833333333333336,193.09333333333333,Low
8416.1,W 186 St & St Nicholas Ave,26,-73.931308,40.852253,8,0.19166666666666668,6.474666666666667,Lowest
4846.01,South St & Whitehall St,55,-74.01234218,40.70122128,313,0.43333333333333335,177.67966666666666,Low
6890.01,W 53 St & 10 Ave,29,-73.99061728,40.76669671,424,0.21666666666666667,332.5573333333333,Medium
6483.06,W 36 St & 7 Ave,38,-73.989539,40.752149,173,0.2916666666666667,122.71466666666666,Low
6257.06,W 27 St & 7 Ave,75,-73.99392,40.74665,0,0.6,0.0,Lowest
